

SET SQL_MODE = "NO_AUTO_VALUE_ON_ZERO";
START TRANSACTION;
SET time_zone = "+00:00";



-- activar extension=gd en php.ini 
-- Base de datos: `restaurante`
--

DELIMITER $$
--
-- Procedimientos
--
CREATE DEFINER=`root`@`localhost` PROCEDURE `sp_cerrar_corte` (IN `p_usuario_id` INT)   BEGIN
    DECLARE v_corte_id INT;
    DECLARE total_ventas DECIMAL(10,2);

    SELECT id INTO v_corte_id 
    FROM corte_caja 
    WHERE usuario_id = p_usuario_id AND fecha_fin IS NULL 
    LIMIT 1;

    SELECT SUM(total) INTO total_ventas 
    FROM ventas
    WHERE usuario_id = p_usuario_id AND estatus = 'cerrada' AND corte_id IS NULL;


    UPDATE corte_caja
    SET fecha_fin = NOW(), total = total_ventas
    WHERE id = v_corte_id;

    UPDATE ventas
    SET corte_id = v_corte_id
    WHERE usuario_id = p_usuario_id 
      AND estatus = 'cerrada'
      AND corte_id IS NULL;
END$$

CREATE DEFINER=`root`@`localhost` PROCEDURE `sp_recalcular_productos_por_insumo` (IN `p_insumo_id` INT)   BEGIN
    DECLARE done INT DEFAULT 0;
    DECLARE v_producto_id INT;
    DECLARE cur CURSOR FOR
        SELECT DISTINCT r.producto_id
        FROM recetas r
        WHERE r.insumo_id = p_insumo_id;

    DECLARE CONTINUE HANDLER FOR NOT FOUND SET done = 1;

    OPEN cur;
    read_loop: LOOP
        FETCH cur INTO v_producto_id;
        IF done THEN
            LEAVE read_loop;
        END IF;

        UPDATE productos p
        SET existencia = (
            SELECT IFNULL(MIN(FLOOR(i.existencia / r.cantidad)), 0)
            FROM recetas r
            JOIN insumos i ON r.insumo_id = i.id
            WHERE r.producto_id = v_producto_id
        )
        WHERE p.id = v_producto_id;

    END LOOP;
    CLOSE cur;
END$$

DELIMITER ;

-- --------------------------------------------------------

--
-- Disparadores `mesas`
--
DELIMITER $$
CREATE TRIGGER `trg_log_asignacion_mesa` AFTER UPDATE ON `mesas` FOR EACH ROW BEGIN
    IF NEW.usuario_id <> OLD.usuario_id THEN
        INSERT INTO log_asignaciones_mesas (mesa_id, mesero_anterior_id, mesero_nuevo_id, fecha_cambio, usuario_que_asigna_id)
        VALUES (NEW.id, OLD.usuario_id, NEW.usuario_id, NOW(), @usuario_asignador_id);
    END IF;
END$$
DELIMITER ;

-- --------------------------------------------------------

--
-- Estructura de tabla para la tabla `alineacion`
--

CREATE TABLE `alineacion` (
  `id` int(11) NOT NULL,
  `nombre` varchar(50) NOT NULL
) ENGINE=InnoDB DEFAULT CHARSET=utf8mb4 COLLATE=utf8mb4_general_ci;

--
-- Volcado de datos para la tabla `alineacion`
--

INSERT INTO `alineacion` (`id`, `nombre`) VALUES
(3, 'Centro'),
(4, 'Fondo'),
(2, 'Pared Derecha'),
(1, 'Pared Izquierda');

-- --------------------------------------------------------

--
-- Estructura de tabla para la tabla `catalogo_areas`
--

CREATE TABLE `catalogo_areas` (
  `id` int(11) NOT NULL,
  `nombre` varchar(50) NOT NULL
) ENGINE=InnoDB DEFAULT CHARSET=utf8mb4 COLLATE=utf8mb4_general_ci;

--
-- Volcado de datos para la tabla `catalogo_areas`
--

INSERT INTO `catalogo_areas` (`id`, `nombre`) VALUES
(1, 'Ala izquierda'),
(2, 'Ala derecha'),
(3, 'Terraza');

-- --------------------------------------------------------

--
-- Estructura de tabla para la tabla `catalogo_folios`
--

CREATE TABLE `catalogo_folios` (
  `id` int(11) NOT NULL,
  `descripcion` varchar(100) DEFAULT NULL,
  `folio_actual` int(11) DEFAULT 0
) ENGINE=InnoDB DEFAULT CHARSET=utf8mb4 COLLATE=utf8mb4_general_ci;

--
-- Volcado de datos para la tabla `catalogo_folios`
--

INSERT INTO `catalogo_folios` (`id`, `descripcion`, `folio_actual`) VALUES
(1, 'Serie Restaurante', 1000),
(2, 'Serie Domicilio', 2000);

-- --------------------------------------------------------

--
-- Estructura de tabla para la tabla `corte_caja`
--

CREATE TABLE `corte_caja` (
  `id` int(11) NOT NULL,
  `usuario_id` int(11) NOT NULL,
  `fecha_inicio` datetime NOT NULL DEFAULT current_timestamp(),
  `fecha_fin` datetime DEFAULT NULL,
  `total` decimal(10,2) DEFAULT NULL,
  `observaciones` text DEFAULT NULL,
  `fondo_inicial` decimal(10,2) DEFAULT 0.00
) ENGINE=InnoDB DEFAULT CHARSET=utf8mb4 COLLATE=utf8mb4_general_ci;



-- --------------------------------------------------------

--
-- Estructura de tabla para la tabla `desglose_corte`
--

CREATE TABLE `desglose_corte` (
  `id` int(11) NOT NULL,
  `corte_id` int(11) NOT NULL,
  `denominacion` decimal(10,2) NOT NULL,
  `cantidad` int(11) NOT NULL,
  `tipo_pago` enum('efectivo','boucher','cheque') DEFAULT 'efectivo'
) ENGINE=InnoDB DEFAULT CHARSET=utf8mb4 COLLATE=utf8mb4_general_ci;

-- --------------------------------------------------------

--
-- Estructura de tabla para la tabla `entradas_detalle`
--

CREATE TABLE `entradas_detalle` (
  `id` int(11) NOT NULL,
  `entrada_id` int(11) DEFAULT NULL,
  `insumo_id` int(11) NOT NULL,
  `cantidad` int(11) DEFAULT NULL,
  `precio_unitario` decimal(10,2) DEFAULT NULL,
  `subtotal` decimal(10,2) GENERATED ALWAYS AS (`cantidad` * `precio_unitario`) STORED
) ENGINE=InnoDB DEFAULT CHARSET=utf8mb4 COLLATE=utf8mb4_general_ci;

-- --------------------------------------------------------

--
-- Estructura de tabla para la tabla `entradas_insumo`
--

CREATE TABLE `entradas_insumo` (
  `id` int(11) NOT NULL,
  `proveedor_id` int(11) DEFAULT NULL,
  `usuario_id` int(11) DEFAULT NULL,
  `fecha` datetime DEFAULT current_timestamp(),
  `total` decimal(10,2) DEFAULT NULL
) ENGINE=InnoDB DEFAULT CHARSET=utf8mb4 COLLATE=utf8mb4_general_ci;

-- --------------------------------------------------------

--
-- Estructura de tabla para la tabla `fondo`
--

CREATE TABLE `fondo` (
  `usuario_id` int(11) NOT NULL,
  `monto` decimal(10,2) NOT NULL
) ENGINE=InnoDB DEFAULT CHARSET=utf8mb4 COLLATE=utf8mb4_general_ci;


-- --------------------------------------------------------

--
-- Estructura de tabla para la tabla `horarios`
--

CREATE TABLE `horarios` (
  `id` int(11) NOT NULL,
  `dia_semana` varchar(15) NOT NULL,
  `hora_inicio` time NOT NULL,
  `hora_fin` time NOT NULL,
  `serie_id` int(11) NOT NULL
) ENGINE=InnoDB DEFAULT CHARSET=utf8mb4 COLLATE=utf8mb4_general_ci;

--
-- Volcado de datos para la tabla `horarios`
--

INSERT INTO `horarios` (`id`, `dia_semana`, `hora_inicio`, `hora_fin`, `serie_id`) VALUES
(1, 'Sabado', '00:00:00', '23:59:59', 2);

-- --------------------------------------------------------

--
-- Estructura de tabla para la tabla `insumos`
--

CREATE TABLE `insumos` (
  `id` int(11) NOT NULL,
  `nombre` varchar(100) DEFAULT NULL,
  `unidad` varchar(20) DEFAULT NULL,
  `existencia` decimal(10,2) DEFAULT NULL,
  `tipo_control` enum('por_receta','unidad_completa','uso_general','no_controlado','desempaquetado') DEFAULT 'por_receta',
  `imagen` varchar(255) NOT NULL
) ENGINE=InnoDB DEFAULT CHARSET=utf8mb4 COLLATE=utf8mb4_general_ci;

--
-- Volcado de datos para la tabla `insumos`
--

INSERT INTO `insumos` (`id`, `nombre`, `unidad`, `existencia`, `tipo_control`, `imagen`) VALUES
(1, 'Arroz para sushi', 'gramos', 7000.00, 'por_receta', 'ins_68717301313ad.jpg'),
(2, 'Alga Nori', 'piezas', 180.00, 'por_receta', 'ins_6871716a72681.jpg'),
(3, 'Salmón fresco', 'gramos', 4000.00, 'por_receta', 'ins_6871777fa2c56.png'),
(4, 'Refresco en lata', 'piezas', 11.00, 'unidad_completa', 'ins_6871731d075cb.webp'),
(5, 'Salsa Soya', 'ml', 5000.00, 'uso_general', 'ins_6871776693b87.png'),
(6, 'refrescos fanta', 'por_receta', 20.00, 'por_receta', 'ins_6871748637d6c.jpg');

--
-- Disparadores `insumos`
--
DELIMITER $$
CREATE TRIGGER `trg_update_insumo_existencia` AFTER UPDATE ON `insumos` FOR EACH ROW BEGIN
    IF NEW.existencia != OLD.existencia THEN
        CALL sp_recalcular_productos_por_insumo(NEW.id);
    END IF;
END
$$
DELIMITER ;

-- --------------------------------------------------------

--
-- Estructura de tabla para la tabla `insumo_bodega`
--

CREATE TABLE `insumo_bodega` (
  `id` int(11) NOT NULL,
  `nombre` varchar(100) DEFAULT NULL,
  `unidad` varchar(20) DEFAULT NULL,
  `existencia` decimal(10,2) DEFAULT NULL,
  `tipo_control` enum('por_receta','unidad_completa','uso_general','no_controlado','desempaquetado') DEFAULT 'por_receta',
  `imagen` varchar(255) NOT NULL
) ENGINE=InnoDB DEFAULT CHARSET=utf8mb4 COLLATE=utf8mb4_general_ci;

-- --------------------------------------------------------

--
-- Estructura de tabla para la tabla `logs_accion`
--

CREATE TABLE `logs_accion` (
  `id` int(11) NOT NULL,
  `usuario_id` int(11) DEFAULT NULL,
  `modulo` varchar(50) DEFAULT NULL,
  `accion` varchar(100) DEFAULT NULL,
  `fecha` datetime DEFAULT current_timestamp(),
  `referencia_id` int(11) DEFAULT NULL
) ENGINE=InnoDB DEFAULT CHARSET=utf8mb4 COLLATE=utf8mb4_general_ci;

-- --------------------------------------------------------

--
-- Estructura de tabla para la tabla `log_mesas`
--

CREATE TABLE `log_mesas` (
  `id` int(11) NOT NULL,
  `mesa_id` int(11) NOT NULL,
  `venta_id` int(11) DEFAULT NULL,
  `usuario_id` int(11) DEFAULT NULL,
  `fecha_inicio` datetime DEFAULT NULL,
  `fecha_fin` datetime DEFAULT NULL
) ENGINE=InnoDB DEFAULT CHARSET=utf8mb4 COLLATE=utf8mb4_general_ci;

-- --------------------------------------------------------

--
-- Estructura de tabla para la tabla `log_asignaciones_mesas`
--

CREATE TABLE `log_asignaciones_mesas` (
  `id` int(11) NOT NULL,
  `mesa_id` int(11) NOT NULL,
  `mesero_anterior_id` int(11) DEFAULT NULL,
  `mesero_nuevo_id` int(11) DEFAULT NULL,
  `fecha_cambio` datetime DEFAULT CURRENT_TIMESTAMP,
  `usuario_que_asigna_id` int(11) DEFAULT NULL
) ENGINE=InnoDB DEFAULT CHARSET=utf8mb4 COLLATE=utf8mb4_general_ci;

-- --------------------------------------------------------

--
-- Estructura de tabla para la tabla `mesas`
--

CREATE TABLE `mesas` (
  `id` int(11) NOT NULL,
  `nombre` varchar(50) NOT NULL,
  `estado` enum('libre','ocupada','reservada') DEFAULT 'libre',
  `capacidad` int(11) DEFAULT 4,
  `mesa_principal_id` int(11) DEFAULT NULL,
  `area` varchar(50) DEFAULT NULL,
  `tiempo_ocupacion_inicio` datetime DEFAULT NULL,
  `estado_reserva` enum('ninguna','reservada') DEFAULT 'ninguna',
  `nombre_reserva` varchar(100) DEFAULT NULL,
  `fecha_reserva` datetime DEFAULT NULL,
  `usuario_id` int(11) DEFAULT NULL,
  `area_id` int(11) DEFAULT NULL,
  `ticket_enviado` tinyint(1) DEFAULT 0,
  `alineacion_id` int(11) DEFAULT NULL
) ENGINE=InnoDB DEFAULT CHARSET=utf8mb4 COLLATE=utf8mb4_general_ci;

--
-- Volcado de datos para la tabla `mesas`
--

INSERT INTO `mesas` (`id`, `nombre`, `estado`, `capacidad`, `mesa_principal_id`, `area`, `tiempo_ocupacion_inicio`, `estado_reserva`, `nombre_reserva`, `fecha_reserva`, `usuario_id`, `area_id`, `ticket_enviado`, `alineacion_id`) VALUES
(1, 'Mesa 1', 'libre', 4, NULL, 'Ala izquierda', NULL, 'ninguna', NULL, NULL, NULL, 1, 0, 1),
(2, 'Mesa 2', 'libre', 4, NULL, 'Ala derecha', NULL, 'ninguna', NULL, NULL, NULL, 2, 0, 3),
(3, 'Mesa 3', 'libre', 6, NULL, 'Terraza', NULL, 'ninguna', NULL, NULL, NULL, 3, 0, 4);

-- --------------------------------------------------------

--
-- Estructura de tabla para la tabla `movimientos_insumos`
--

CREATE TABLE `movimientos_insumos` (
  `id` int(11) NOT NULL,
  `tipo` enum('entrada','salida','ajuste','traspaso') DEFAULT 'entrada',
  `usuario_id` int(11) DEFAULT NULL,
  `usuario_destino_id` int(11) DEFAULT NULL,
  `insumo_id` int(11) DEFAULT NULL,
  `cantidad` decimal(10,2) DEFAULT NULL,
  `observacion` text DEFAULT NULL,
  `fecha` datetime DEFAULT current_timestamp(),
  `qr_token` varchar(64) DEFAULT NULL
) ENGINE=InnoDB DEFAULT CHARSET=utf8mb4 COLLATE=utf8mb4_general_ci;

-- --------------------------------------------------------

--
-- Estructura de tabla para la tabla `productos`
--

CREATE TABLE `productos` (
  `id` int(11) NOT NULL,
  `nombre` varchar(100) NOT NULL,
  `precio` decimal(10,2) NOT NULL,
  `descripcion` text DEFAULT NULL,
  `existencia` int(11) DEFAULT 0,
  `activo` tinyint(1) DEFAULT 1,
  `imagen` varchar(255) DEFAULT NULL
) ENGINE=InnoDB DEFAULT CHARSET=utf8mb4 COLLATE=utf8mb4_general_ci;

--
-- Volcado de datos para la tabla `productos`
--

INSERT INTO `productos` (`id`, `nombre`, `precio`, `descripcion`, `existencia`, `activo`, `imagen`) VALUES
(1, 'Tacos al Pastor', 45.00, '3 piezas con piña', 50, 1, NULL),
(2, 'Hamburguesa Especial', 85.00, 'Incluye papas y bebida', 26, 1, NULL),
(3, 'Ensalada César', 60.00, 'Con pollo y aderezo', 20, 1, NULL),
(4, 'Refresco 600ml', 20.00, 'Refresco embotellado', 11, 1, NULL),
(5, 'Rollo California', 120.00, 'Salmón, arroz, alga nori', 22, 1, NULL);

-- --------------------------------------------------------

--
-- Estructura de tabla para la tabla `proveedores`
--

CREATE TABLE `proveedores` (
  `id` int(11) NOT NULL,
  `nombre` varchar(100) DEFAULT NULL,
  `telefono` varchar(20) DEFAULT NULL,
  `direccion` text DEFAULT NULL
) ENGINE=InnoDB DEFAULT CHARSET=utf8mb4 COLLATE=utf8mb4_general_ci;

--
-- Volcado de datos para la tabla `proveedores`
--

INSERT INTO `proveedores` (`id`, `nombre`, `telefono`, `direccion`) VALUES
(1, 'Suministros Sushi MX', '555-123-4567', 'Calle Soya #123, CDMX'),
(2, 'Pescados del Pacífico', '555-987-6543', 'Av. Mar #456, CDMX');

-- --------------------------------------------------------

--
-- Estructura de tabla para la tabla `qrs_insumo`
--

CREATE TABLE `qrs_insumo` (
  `id` int(11) NOT NULL,
  `token` varchar(64) NOT NULL,
  `json_data` text DEFAULT NULL,
  `estado` enum('pendiente','confirmado','anulado') DEFAULT 'pendiente',
  `creado_por` int(11) DEFAULT NULL,
  `creado_en` datetime DEFAULT current_timestamp(),
  `expiracion` datetime DEFAULT NULL,
  `pdf_envio` varchar(255) DEFAULT NULL,
  `pdf_recepcion` varchar(255) DEFAULT NULL
) ENGINE=InnoDB DEFAULT CHARSET=utf8mb4 COLLATE=utf8mb4_general_ci;

-- --------------------------------------------------------

--
-- Estructura de tabla para la tabla `recetas`
--

CREATE TABLE `recetas` (
  `id` int(11) NOT NULL,
  `producto_id` int(11) DEFAULT NULL,
  `insumo_id` int(11) DEFAULT NULL,
  `cantidad` decimal(10,2) DEFAULT NULL
) ENGINE=InnoDB DEFAULT CHARSET=utf8mb4 COLLATE=utf8mb4_general_ci;

--
-- Volcado de datos para la tabla `recetas`
--

INSERT INTO `recetas` (`id`, `producto_id`, `insumo_id`, `cantidad`) VALUES
(1, 5, 1, 300.00),
(2, 5, 2, 2.00),
(3, 5, 3, 100.00),
(4, 4, 4, 1.00);

-- --------------------------------------------------------

--
-- Estructura de tabla para la tabla `repartidores`
--

CREATE TABLE `repartidores` (
  `id` int(11) NOT NULL,
  `nombre` varchar(100) DEFAULT NULL,
  `telefono` varchar(20) DEFAULT NULL
) ENGINE=InnoDB DEFAULT CHARSET=utf8mb4 COLLATE=utf8mb4_general_ci;

--
-- Volcado de datos para la tabla `repartidores`
--

INSERT INTO `repartidores` (`id`, `nombre`, `telefono`) VALUES
(1, 'Pedro Repartidor', '555-000-1111'),
(2, 'Ana Repartidora', '555-999-2222');

-- --------------------------------------------------------

--
-- Estructura de tabla para la tabla `rutas`
--

CREATE TABLE `rutas` (
  `id` int(11) NOT NULL,
  `nombre` varchar(100) NOT NULL,
  `path` varchar(255) NOT NULL,
  `tipo` enum('link','dropdown','dropdown-item') NOT NULL,
  `grupo` varchar(50) DEFAULT NULL,
  `orden` int(11) DEFAULT 0
) ENGINE=InnoDB DEFAULT CHARSET=utf8mb4 COLLATE=utf8mb4_general_ci;

--
-- Volcado de datos para la tabla `rutas`
--

INSERT INTO `rutas` (`id`, `nombre`, `path`, `tipo`, `grupo`, `orden`) VALUES
(1, 'Inicio', '/vistas/index.php', 'link', NULL, 1),
(2, 'Productos', '#', 'dropdown', 'Productos', 2),
(3, 'Insumos', '/vistas/insumos/insumos.php', 'dropdown-item', 'Productos', 1),
(4, 'Inventario', '/vistas/inventario/inventario.php', 'dropdown-item', 'Productos', 2),
(5, 'Recetas', '/vistas/recetas/recetas.php', 'dropdown-item', 'Productos', 3),
(6, 'Cocina', '/vistas/cocina/cocina.php', 'link', NULL, 3),
(7, 'Ventas', '/vistas/ventas/ventas.php', 'link', NULL, 4),
(8, 'Cortes', '/vistas/corte_caja/corte.php', 'link', NULL, 5),
(9, 'Repartos', '/vistas/repartidores/repartos.php', 'link', NULL, 6),
(10, 'Mesas', '/vistas/mesas/mesas.php', 'link', NULL, 7),
(11, 'Más', '#', 'dropdown', 'Más', 8),
(12, 'Horarios', '/vistas/horarios/horarios.php', 'dropdown-item', 'Más', 1),
(13, 'Ticket', '/vistas/ventas/ticket.php', 'dropdown-item', 'Más', 2),
(14, 'Reportes', '/vistas/reportes/reportes.php', 'dropdown-item', 'Más', 3),
(15, 'Ayuda', '/vistas/ayuda.php', 'link', NULL, 9),
(17, 'Bodega', '#', 'dropdown', 'Bodega', 10),
(18, 'Generar QR', 'vistas/bodega/generar_qr.php', 'dropdown-item', 'Bodega', 1),
(19, 'Recibir QR', 'vistas/bodega/recepcion_qr.php', 'dropdown-item', 'Bodega', 2);

-- --------------------------------------------------------

--
-- Estructura de tabla para la tabla `tickets`
--

CREATE TABLE `tickets` (
  `id` int(11) NOT NULL,
  `venta_id` int(11) NOT NULL,
  `folio` int(11) NOT NULL,
  `total` decimal(10,2) NOT NULL,
  `propina` decimal(10,2) DEFAULT 0.00,
  `fecha` datetime DEFAULT current_timestamp(),
  `usuario_id` int(11) DEFAULT NULL,
  `monto_recibido` decimal(10,2) DEFAULT 0.00,
  `tipo_pago` enum('efectivo','boucher','cheque') DEFAULT 'efectivo'
) ENGINE=InnoDB DEFAULT CHARSET=utf8mb4 COLLATE=utf8mb4_general_ci;

-- --------------------------------------------------------

--
-- Estructura de tabla para la tabla `ticket_detalles`
--

CREATE TABLE `ticket_detalles` (
  `id` int(11) NOT NULL,
  `ticket_id` int(11) NOT NULL,
  `producto_id` int(11) NOT NULL,
  `cantidad` int(11) NOT NULL,
  `precio_unitario` decimal(10,2) DEFAULT NULL,
  `subtotal` decimal(10,2) GENERATED ALWAYS AS (`cantidad` * `precio_unitario`) STORED
) ENGINE=InnoDB DEFAULT CHARSET=utf8mb4 COLLATE=utf8mb4_general_ci;

-- --------------------------------------------------------

--
-- Estructura de tabla para la tabla `usuarios`
--

CREATE TABLE `usuarios` (
  `id` int(11) NOT NULL,
  `nombre` varchar(100) NOT NULL,
  `usuario` varchar(50) NOT NULL,
  `contrasena` varchar(255) NOT NULL,
  `rol` enum('cajero','mesero','admin','repartidor','cocinero') NOT NULL,
  `activo` tinyint(1) DEFAULT 1
) ENGINE=InnoDB DEFAULT CHARSET=utf8mb4 COLLATE=utf8mb4_general_ci;

--
-- Volcado de datos para la tabla `usuarios`
--

INSERT INTO `usuarios` (`id`, `nombre`, `usuario`, `contrasena`, `rol`, `activo`) VALUES
(1, 'Administrador', 'admin', 'admin', 'admin', 1),
(2, 'Carlos Mesero', 'carlos', 'admin', 'mesero', 1),
(3, 'Laura Cajera', 'laura', 'admin', 'cajero', 1),
(4, 'Juan reparto', 'juan', 'admin', 'repartidor', 1),
(5, 'Luisa chef', 'luisa', 'admin', 'cocinero', 1);

-- --------------------------------------------------------

--
-- Estructura de tabla para la tabla `usuario_ruta`
--

CREATE TABLE `usuario_ruta` (
  `id` int(11) NOT NULL,
  `usuario_id` int(11) NOT NULL,
  `ruta_id` int(11) NOT NULL
) ENGINE=InnoDB DEFAULT CHARSET=utf8mb4 COLLATE=utf8mb4_general_ci;

--
-- Volcado de datos para la tabla `usuario_ruta`
--

INSERT INTO `usuario_ruta` (`id`, `usuario_id`, `ruta_id`) VALUES
(1, 1, 1),
(2, 1, 2),
(3, 1, 3),
(4, 1, 4),
(5, 1, 5),
(6, 1, 6),
(7, 1, 7),
(8, 1, 8),
(9, 1, 9),
(10, 1, 10),
(11, 1, 11),
(12, 1, 12),
(13, 1, 13),
(14, 1, 14),
(15, 1, 15),
(43, 1, 17),
(44, 1, 18),
(45, 1, 19),
(32, 2, 6),
(33, 2, 10),
(38, 3, 6),
(36, 3, 7),
(37, 3, 8),
(34, 4, 6),
(42, 4, 9),
(35, 4, 10),
(39, 5, 3),
(40, 5, 5),
(41, 5, 6);

-- --------------------------------------------------------

--
-- Estructura de tabla para la tabla `ventas`
--

CREATE TABLE `ventas` (
  `id` int(11) NOT NULL,
  `fecha` datetime DEFAULT current_timestamp(),
  `mesa_id` int(11) DEFAULT NULL,
  `repartidor_id` int(11) DEFAULT NULL,
  `tipo_entrega` enum('mesa','domicilio','rapido') DEFAULT 'mesa',
  `usuario_id` int(11) DEFAULT NULL,
  `total` decimal(10,2) DEFAULT 0.00,
  `estatus` enum('activa','cerrada','cancelada') DEFAULT 'activa',
  `entregado` tinyint(1) DEFAULT 0,
  `estado_entrega` enum('pendiente','en_camino','entregado') DEFAULT 'pendiente',
  `fecha_asignacion` datetime DEFAULT NULL,
  `fecha_inicio` datetime DEFAULT NULL,
  `fecha_entrega` datetime DEFAULT NULL,
  `seudonimo_entrega` varchar(100) DEFAULT NULL,
  `foto_entrega` varchar(255) DEFAULT NULL,
  `corte_id` int(11) DEFAULT NULL,
  `cajero_id` int(11) DEFAULT NULL,
  `observacion` text DEFAULT NULL
) ENGINE=InnoDB DEFAULT CHARSET=utf8mb4 COLLATE=utf8mb4_general_ci;


-- --------------------------------------------------------

--
-- Estructura de tabla para la tabla `venta_detalles`
--

CREATE TABLE `venta_detalles` (
  `id` int(11) NOT NULL,
  `venta_id` int(11) NOT NULL,
  `producto_id` int(11) NOT NULL,
  `cantidad` int(11) NOT NULL DEFAULT 1,
  `precio_unitario` decimal(10,2) NOT NULL,
  `subtotal` decimal(10,2) GENERATED ALWAYS AS (`cantidad` * `precio_unitario`) STORED,
  `insumos_descargados` tinyint(1) DEFAULT 0,
  `created_at` datetime DEFAULT current_timestamp(),
  `estado_producto` enum('pendiente','en_preparacion','listo','entregado') DEFAULT 'pendiente',
  `observaciones` text DEFAULT NULL
) ENGINE=InnoDB DEFAULT CHARSET=utf8mb4 COLLATE=utf8mb4_general_ci;


-- --------------------------------------------------------

--
-- Estructura Stand-in para la vista `vw_consumo_insumos`
-- (Véase abajo para la vista actual)
--
CREATE TABLE `vw_consumo_insumos` (
`venta_id` int(11)
,`insumo_id` int(11)
,`insumo` varchar(100)
,`unidad` varchar(20)
,`total_consumido` decimal(42,2)
);

-- --------------------------------------------------------

--
-- Estructura Stand-in para la vista `vw_corte_resumen`
-- (Véase abajo para la vista actual)
--
CREATE TABLE `vw_corte_resumen` (
`corte_id` int(11)
,`cajero` varchar(100)
,`fecha_inicio` datetime
,`fecha_fin` datetime
,`total` decimal(10,2)
);

-- --------------------------------------------------------

--
-- Estructura Stand-in para la vista `vw_ventas_detalladas`
-- (Véase abajo para la vista actual)
--
CREATE TABLE `vw_ventas_detalladas` (
`venta_id` int(11)
,`fecha` datetime
,`total` decimal(10,2)
,`estatus` enum('activa','cerrada','cancelada')
,`usuario` varchar(100)
,`mesa` varchar(50)
,`repartidor` varchar(100)
);

-- --------------------------------------------------------

--
-- Estructura para la vista `vw_consumo_insumos`
--
DROP TABLE IF EXISTS `vw_consumo_insumos`;

CREATE ALGORITHM=UNDEFINED DEFINER=`root`@`localhost` SQL SECURITY DEFINER VIEW `vw_consumo_insumos`  AS SELECT `vd`.`venta_id` AS `venta_id`, `r`.`insumo_id` AS `insumo_id`, `i`.`nombre` AS `insumo`, `i`.`unidad` AS `unidad`, sum(`r`.`cantidad` * `vd`.`cantidad`) AS `total_consumido` FROM ((`venta_detalles` `vd` join `recetas` `r` on(`vd`.`producto_id` = `r`.`producto_id`)) join `insumos` `i` on(`r`.`insumo_id` = `i`.`id`)) GROUP BY `vd`.`venta_id`, `r`.`insumo_id` ;

-- --------------------------------------------------------

--
-- Estructura para la vista `vw_corte_resumen`
--
DROP TABLE IF EXISTS `vw_corte_resumen`;

CREATE ALGORITHM=UNDEFINED DEFINER=`root`@`localhost` SQL SECURITY DEFINER VIEW `vw_corte_resumen`  AS SELECT `c`.`id` AS `corte_id`, `u`.`nombre` AS `cajero`, `c`.`fecha_inicio` AS `fecha_inicio`, `c`.`fecha_fin` AS `fecha_fin`, `c`.`total` AS `total` FROM (`corte_caja` `c` join `usuarios` `u` on(`c`.`usuario_id` = `u`.`id`)) ;

-- --------------------------------------------------------

--
-- Estructura para la vista `vw_ventas_detalladas`
--
DROP TABLE IF EXISTS `vw_ventas_detalladas`;

CREATE ALGORITHM=UNDEFINED DEFINER=`root`@`localhost` SQL SECURITY DEFINER VIEW `vw_ventas_detalladas`  AS SELECT `v`.`id` AS `venta_id`, `v`.`fecha` AS `fecha`, `v`.`total` AS `total`, `v`.`estatus` AS `estatus`, `u`.`nombre` AS `usuario`, `m`.`nombre` AS `mesa`, `r`.`nombre` AS `repartidor` FROM (((`ventas` `v` left join `usuarios` `u` on(`v`.`usuario_id` = `u`.`id`)) left join `mesas` `m` on(`v`.`mesa_id` = `m`.`id`)) left join `repartidores` `r` on(`v`.`repartidor_id` = `r`.`id`)) ;

--
-- Índices para tablas volcadas
--

--
-- Indices de la tabla `alineacion`
--
ALTER TABLE `alineacion`
  ADD PRIMARY KEY (`id`),
  ADD UNIQUE KEY `nombre` (`nombre`);

--
-- Indices de la tabla `catalogo_areas`
--
ALTER TABLE `catalogo_areas`
  ADD PRIMARY KEY (`id`);

--
-- Indices de la tabla `catalogo_folios`
--
ALTER TABLE `catalogo_folios`
  ADD PRIMARY KEY (`id`);

--
-- Indices de la tabla `corte_caja`
--
ALTER TABLE `corte_caja`
  ADD PRIMARY KEY (`id`),
  ADD KEY `usuario_id` (`usuario_id`);

--
-- Indices de la tabla `desglose_corte`
--
ALTER TABLE `desglose_corte`
  ADD PRIMARY KEY (`id`),
  ADD KEY `corte_id` (`corte_id`);

--
-- Indices de la tabla `entradas_detalle`
--
ALTER TABLE `entradas_detalle`
  ADD PRIMARY KEY (`id`),
  ADD KEY `entrada_id` (`entrada_id`),
  ADD KEY `fk_entrada_detalle_insumo` (`insumo_id`);

--
-- Indices de la tabla `entradas_insumo`
--
ALTER TABLE `entradas_insumo`
  ADD PRIMARY KEY (`id`),
  ADD KEY `proveedor_id` (`proveedor_id`),
  ADD KEY `fk_entrada_usuario` (`usuario_id`);

--
-- Indices de la tabla `fondo`
--
ALTER TABLE `fondo`
  ADD PRIMARY KEY (`usuario_id`);

--
-- Indices de la tabla `horarios`
--
ALTER TABLE `horarios`
  ADD PRIMARY KEY (`id`),
  ADD KEY `fk_horario_serie` (`serie_id`);

--
-- Indices de la tabla `insumos`
--
ALTER TABLE `insumos`
  ADD PRIMARY KEY (`id`);

--
-- Indices de la tabla `logs_accion`
--
ALTER TABLE `logs_accion`
  ADD PRIMARY KEY (`id`);

--
-- Indices de la tabla `log_mesas`
--
ALTER TABLE `log_mesas`
  ADD PRIMARY KEY (`id`),
  ADD KEY `mesa_id` (`mesa_id`),
  ADD KEY `venta_id` (`venta_id`),
  ADD KEY `usuario_id` (`usuario_id`);

--
-- Indices de la tabla `log_asignaciones_mesas`
--
ALTER TABLE `log_asignaciones_mesas`
  ADD PRIMARY KEY (`id`),
  ADD KEY `mesa_id` (`mesa_id`),
  ADD KEY `mesero_anterior_id` (`mesero_anterior_id`),
  ADD KEY `mesero_nuevo_id` (`mesero_nuevo_id`),
  ADD KEY `usuario_que_asigna_id` (`usuario_que_asigna_id`);

--
-- Indices de la tabla `mesas`
--
ALTER TABLE `mesas`
  ADD PRIMARY KEY (`id`),
  ADD KEY `usuario_id` (`usuario_id`),
  ADD KEY `fk_mesa_area` (`area_id`),
  ADD KEY `fk_mesas_alineacion` (`alineacion_id`);

--
-- Indices de la tabla `productos`
--
ALTER TABLE `productos`
  ADD PRIMARY KEY (`id`);

--
-- Indices de la tabla `proveedores`
--
ALTER TABLE `proveedores`
  ADD PRIMARY KEY (`id`);

--
-- Indices de la tabla `recetas`
--
ALTER TABLE `recetas`
  ADD PRIMARY KEY (`id`),
  ADD KEY `producto_id` (`producto_id`),
  ADD KEY `insumo_id` (`insumo_id`);

--
-- Indices de la tabla `repartidores`
--
ALTER TABLE `repartidores`
  ADD PRIMARY KEY (`id`);

--
-- Indices de la tabla `rutas`
--
ALTER TABLE `rutas`
  ADD PRIMARY KEY (`id`);

--
-- Indices de la tabla `tickets`
--
ALTER TABLE `tickets`
  ADD PRIMARY KEY (`id`),
  ADD KEY `venta_id` (`venta_id`),
  ADD KEY `usuario_id` (`usuario_id`);

--
-- Indices de la tabla `ticket_detalles`
--
ALTER TABLE `ticket_detalles`
  ADD PRIMARY KEY (`id`),
  ADD KEY `ticket_id` (`ticket_id`),
  ADD KEY `producto_id` (`producto_id`);

--
-- Indices de la tabla `usuarios`
--
ALTER TABLE `usuarios`
  ADD PRIMARY KEY (`id`),
  ADD UNIQUE KEY `usuario` (`usuario`);

--
-- Indices de la tabla `usuario_ruta`
--
ALTER TABLE `usuario_ruta`
  ADD PRIMARY KEY (`id`),
  ADD UNIQUE KEY `usuario_id` (`usuario_id`,`ruta_id`),
  ADD KEY `ruta_id` (`ruta_id`);

--
-- Indices de la tabla `ventas`
--
ALTER TABLE `ventas`
  ADD PRIMARY KEY (`id`),
  ADD KEY `mesa_id` (`mesa_id`),
  ADD KEY `repartidor_id` (`repartidor_id`),
  ADD KEY `usuario_id` (`usuario_id`),
  ADD KEY `fk_corte` (`corte_id`),
  ADD KEY `cajero_id` (`cajero_id`);

--
-- Indices de la tabla `venta_detalles`
--
ALTER TABLE `venta_detalles`
  ADD PRIMARY KEY (`id`),
  ADD KEY `venta_id` (`venta_id`),
  ADD KEY `producto_id` (`producto_id`);

--
-- AUTO_INCREMENT de las tablas volcadas
--

--
-- AUTO_INCREMENT de la tabla `alineacion`
--
ALTER TABLE `alineacion`
  MODIFY `id` int(11) NOT NULL AUTO_INCREMENT, AUTO_INCREMENT=5;

--
-- AUTO_INCREMENT de la tabla `catalogo_areas`
--
ALTER TABLE `catalogo_areas`
  MODIFY `id` int(11) NOT NULL AUTO_INCREMENT, AUTO_INCREMENT=4;

--
-- AUTO_INCREMENT de la tabla `catalogo_folios`
--
ALTER TABLE `catalogo_folios`
  MODIFY `id` int(11) NOT NULL AUTO_INCREMENT, AUTO_INCREMENT=3;

--
-- AUTO_INCREMENT de la tabla `corte_caja`
--
ALTER TABLE `corte_caja`
  MODIFY `id` int(11) NOT NULL AUTO_INCREMENT, AUTO_INCREMENT=6;

--
-- AUTO_INCREMENT de la tabla `desglose_corte`
--
ALTER TABLE `desglose_corte`
  MODIFY `id` int(11) NOT NULL AUTO_INCREMENT;

--
-- AUTO_INCREMENT de la tabla `entradas_detalle`
--
ALTER TABLE `entradas_detalle`
  MODIFY `id` int(11) NOT NULL AUTO_INCREMENT;

--
-- AUTO_INCREMENT de la tabla `entradas_insumo`
--
ALTER TABLE `entradas_insumo`
  MODIFY `id` int(11) NOT NULL AUTO_INCREMENT;

--
-- AUTO_INCREMENT de la tabla `horarios`
--
ALTER TABLE `horarios`
  MODIFY `id` int(11) NOT NULL AUTO_INCREMENT, AUTO_INCREMENT=2;

--
-- AUTO_INCREMENT de la tabla `insumos`
--
ALTER TABLE `insumos`
  MODIFY `id` int(11) NOT NULL AUTO_INCREMENT, AUTO_INCREMENT=7;

--
-- AUTO_INCREMENT de la tabla `logs_accion`
--
ALTER TABLE `logs_accion`
  MODIFY `id` int(11) NOT NULL AUTO_INCREMENT, AUTO_INCREMENT=1;

--
-- AUTO_INCREMENT de la tabla `log_mesas`
--
ALTER TABLE `log_mesas`
  MODIFY `id` int(11) NOT NULL AUTO_INCREMENT, AUTO_INCREMENT=1;

--
-- AUTO_INCREMENT de la tabla `log_asignaciones_mesas`
--
ALTER TABLE `log_asignaciones_mesas`
  MODIFY `id` int(11) NOT NULL AUTO_INCREMENT, AUTO_INCREMENT=1;

--
-- AUTO_INCREMENT de la tabla `mesas`
--
ALTER TABLE `mesas`
  MODIFY `id` int(11) NOT NULL AUTO_INCREMENT, AUTO_INCREMENT=4;

--
-- AUTO_INCREMENT de la tabla `productos`
--
ALTER TABLE `productos`
  MODIFY `id` int(11) NOT NULL AUTO_INCREMENT, AUTO_INCREMENT=6;

--
-- AUTO_INCREMENT de la tabla `proveedores`
--
ALTER TABLE `proveedores`
  MODIFY `id` int(11) NOT NULL AUTO_INCREMENT, AUTO_INCREMENT=3;

--
-- AUTO_INCREMENT de la tabla `recetas`
--
ALTER TABLE `recetas`
  MODIFY `id` int(11) NOT NULL AUTO_INCREMENT, AUTO_INCREMENT=5;

--
-- AUTO_INCREMENT de la tabla `repartidores`
--
ALTER TABLE `repartidores`
  MODIFY `id` int(11) NOT NULL AUTO_INCREMENT, AUTO_INCREMENT=3;

--
-- AUTO_INCREMENT de la tabla `rutas`
--
ALTER TABLE `rutas`
  MODIFY `id` int(11) NOT NULL AUTO_INCREMENT, AUTO_INCREMENT=20;

--
-- AUTO_INCREMENT de la tabla `tickets`
--
ALTER TABLE `tickets`
  MODIFY `id` int(11) NOT NULL AUTO_INCREMENT, AUTO_INCREMENT=1;

--
-- AUTO_INCREMENT de la tabla `ticket_detalles`
--
ALTER TABLE `ticket_detalles`
  MODIFY `id` int(11) NOT NULL AUTO_INCREMENT, AUTO_INCREMENT=1;

--
-- AUTO_INCREMENT de la tabla `usuarios`
--
ALTER TABLE `usuarios`
  MODIFY `id` int(11) NOT NULL AUTO_INCREMENT, AUTO_INCREMENT=6;

--
-- AUTO_INCREMENT de la tabla `usuario_ruta`
--
ALTER TABLE `usuario_ruta`
  MODIFY `id` int(11) NOT NULL AUTO_INCREMENT, AUTO_INCREMENT=46;

--
-- AUTO_INCREMENT de la tabla `ventas`
--
ALTER TABLE `ventas`
  MODIFY `id` int(11) NOT NULL AUTO_INCREMENT, AUTO_INCREMENT=1;

--
-- AUTO_INCREMENT de la tabla `venta_detalles`
--
ALTER TABLE `venta_detalles`
  MODIFY `id` int(11) NOT NULL AUTO_INCREMENT, AUTO_INCREMENT=1;

--
-- Restricciones para tablas volcadas
--

--
-- Filtros para la tabla `corte_caja`
--
ALTER TABLE `corte_caja`
  ADD CONSTRAINT `corte_caja_ibfk_1` FOREIGN KEY (`usuario_id`) REFERENCES `usuarios` (`id`);

--
-- Filtros para la tabla `desglose_corte`
--
ALTER TABLE `desglose_corte`
  ADD CONSTRAINT `desglose_corte_ibfk_1` FOREIGN KEY (`corte_id`) REFERENCES `corte_caja` (`id`);

--
-- Filtros para la tabla `entradas_detalle`
--
ALTER TABLE `entradas_detalle`
  ADD CONSTRAINT `entradas_detalle_ibfk_1` FOREIGN KEY (`entrada_id`) REFERENCES `entradas_insumo` (`id`),
  ADD CONSTRAINT `fk_entrada_detalle_insumo` FOREIGN KEY (`insumo_id`) REFERENCES `insumos` (`id`);

--
-- Filtros para la tabla `entradas_insumo`
--
ALTER TABLE `entradas_insumo`
  ADD CONSTRAINT `entradas_insumo_ibfk_1` FOREIGN KEY (`proveedor_id`) REFERENCES `proveedores` (`id`),
  ADD CONSTRAINT `fk_entrada_usuario` FOREIGN KEY (`usuario_id`) REFERENCES `usuarios` (`id`);

--
-- Filtros para la tabla `fondo`
--
ALTER TABLE `fondo`
  ADD CONSTRAINT `fondo_ibfk_1` FOREIGN KEY (`usuario_id`) REFERENCES `usuarios` (`id`);

--
-- Filtros para la tabla `horarios`
--
ALTER TABLE `horarios`
  ADD CONSTRAINT `fk_horario_serie` FOREIGN KEY (`serie_id`) REFERENCES `catalogo_folios` (`id`);

--
-- Filtros para la tabla `log_mesas`
--
ALTER TABLE `log_mesas`
  ADD CONSTRAINT `log_mesas_ibfk_1` FOREIGN KEY (`mesa_id`) REFERENCES `mesas` (`id`),
  ADD CONSTRAINT `log_mesas_ibfk_2` FOREIGN KEY (`venta_id`) REFERENCES `ventas` (`id`),
  ADD CONSTRAINT `log_mesas_ibfk_3` FOREIGN KEY (`usuario_id`) REFERENCES `usuarios` (`id`);

--
-- Filtros para la tabla `log_asignaciones_mesas`
--
ALTER TABLE `log_asignaciones_mesas`
  ADD CONSTRAINT `log_asignaciones_mesas_ibfk_1` FOREIGN KEY (`mesa_id`) REFERENCES `mesas` (`id`),
  ADD CONSTRAINT `log_asignaciones_mesas_ibfk_2` FOREIGN KEY (`mesero_anterior_id`) REFERENCES `usuarios` (`id`),
  ADD CONSTRAINT `log_asignaciones_mesas_ibfk_3` FOREIGN KEY (`mesero_nuevo_id`) REFERENCES `usuarios` (`id`),
  ADD CONSTRAINT `log_asignaciones_mesas_ibfk_4` FOREIGN KEY (`usuario_que_asigna_id`) REFERENCES `usuarios` (`id`);

--
-- Filtros para la tabla `mesas`
--
ALTER TABLE `mesas`
  ADD CONSTRAINT `fk_mesa_area` FOREIGN KEY (`area_id`) REFERENCES `catalogo_areas` (`id`),
  ADD CONSTRAINT `fk_mesas_alineacion` FOREIGN KEY (`alineacion_id`) REFERENCES `alineacion` (`id`) ON DELETE SET NULL ON UPDATE CASCADE,
  ADD CONSTRAINT `mesas_ibfk_1` FOREIGN KEY (`usuario_id`) REFERENCES `usuarios` (`id`);

--
-- Filtros para la tabla `recetas`
--
ALTER TABLE `recetas`
  ADD CONSTRAINT `recetas_ibfk_1` FOREIGN KEY (`producto_id`) REFERENCES `productos` (`id`),
  ADD CONSTRAINT `recetas_ibfk_2` FOREIGN KEY (`insumo_id`) REFERENCES `insumos` (`id`);

--
-- Filtros para la tabla `tickets`
--
ALTER TABLE `tickets`
  ADD CONSTRAINT `tickets_ibfk_1` FOREIGN KEY (`venta_id`) REFERENCES `ventas` (`id`),
  ADD CONSTRAINT `tickets_ibfk_2` FOREIGN KEY (`usuario_id`) REFERENCES `usuarios` (`id`);

--
-- Filtros para la tabla `ticket_detalles`
--
ALTER TABLE `ticket_detalles`
  ADD CONSTRAINT `ticket_detalles_ibfk_1` FOREIGN KEY (`ticket_id`) REFERENCES `tickets` (`id`),
  ADD CONSTRAINT `ticket_detalles_ibfk_2` FOREIGN KEY (`producto_id`) REFERENCES `productos` (`id`);

--
-- Filtros para la tabla `usuario_ruta`
--
ALTER TABLE `usuario_ruta`
  ADD CONSTRAINT `usuario_ruta_ibfk_1` FOREIGN KEY (`usuario_id`) REFERENCES `usuarios` (`id`) ON DELETE CASCADE,
  ADD CONSTRAINT `usuario_ruta_ibfk_2` FOREIGN KEY (`ruta_id`) REFERENCES `rutas` (`id`) ON DELETE CASCADE;

--
-- Filtros para la tabla `ventas`
--
ALTER TABLE `ventas`
  ADD CONSTRAINT `fk_corte` FOREIGN KEY (`corte_id`) REFERENCES `corte_caja` (`id`),
  ADD CONSTRAINT `fk_venta_corte` FOREIGN KEY (`corte_id`) REFERENCES `corte_caja` (`id`),
  ADD CONSTRAINT `ventas_ibfk_1` FOREIGN KEY (`mesa_id`) REFERENCES `mesas` (`id`),
  ADD CONSTRAINT `ventas_ibfk_2` FOREIGN KEY (`repartidor_id`) REFERENCES `repartidores` (`id`),
  ADD CONSTRAINT `ventas_ibfk_3` FOREIGN KEY (`usuario_id`) REFERENCES `usuarios` (`id`),
  ADD CONSTRAINT `ventas_ibfk_4` FOREIGN KEY (`cajero_id`) REFERENCES `usuarios` (`id`);

--
-- Filtros para la tabla `venta_detalles`
--
ALTER TABLE `venta_detalles`
  ADD CONSTRAINT `venta_detalles_ibfk_1` FOREIGN KEY (`venta_id`) REFERENCES `ventas` (`id`),
  ADD CONSTRAINT `venta_detalles_ibfk_2` FOREIGN KEY (`producto_id`) REFERENCES `productos` (`id`);
COMMIT;

/*!40101 SET CHARACTER_SET_CLIENT=@OLD_CHARACTER_SET_CLIENT */;
/*!40101 SET CHARACTER_SET_RESULTS=@OLD_CHARACTER_SET_RESULTS */;
/*!40101 SET COLLATION_CONNECTION=@OLD_COLLATION_CONNECTION */;
